{
  "mae": 42.811999418348904,
  "rmse": 53.77745406534392,
  "r2": 0.4541465207069817,
  "n_test": 89,
  "model": "Ridge"
}